<?xml version="1.0" encoding="UTF-8" standalone="yes"?>
<addon id="plugin.video.bleekk" name="bleekk" version="1.0.0" provider-name="bleekk">
  <requires>
    <import addon="xbmc.python" version="3.0.0"/>
  </requires>
  <extension point="xbmc.python.pluginsource" library="default.py">
        <provides>video executable</provides>
  </extension>
  <extension point="xbmc.addon.metadata">
    <summary lang="en">bleekk</summary>
    <description lang="en">addon to download bleekk builds</description>
    <platform>all</platform>
    <assets>
        <icon>resources/icon.png</icon>
        <fanart>resources/fanart.jpg</fanart>
    </assets>
  </extension>
</addon>
